{"cameraMode":{"drawMode":0,"name":"Shaded","section":"Shading Mode"},"sceneLighting":false,"audioPlay":false,"sceneViewState":{"m_AlwaysRefresh":false,"showFog":true,"showSkybox":false,"showFlares":true,"showImageEffects":true,"showParticleSystems":true,"showVisualEffectGraphs":true,"m_FxEnabled":true},"in2DMode":false,"pivot":{"x":-17.788000106811525,"y":0.9356540441513062,"z":-3.569999933242798},"rotation":{"x":0.054472342133522037,"y":-0.7341018915176392,"z":0.059025827795267108,"w":0.6743640899658203},"size":1.5094141960144044,"orthographic":false}